﻿<?xml version="1.0" encoding="utf-8"?>
<abapGit version="v1.0.0" serializer="LCL_OBJECT_MSAG" serializer_version="v1.0.0">
 <asx:abap xmlns:asx="http://www.sap.com/abapxml" version="1.0">
  <asx:values>
   <T100A>
    <ARBGB>ZBRD001</ARBGB>
    <MASTERLANG>E</MASTERLANG>
   </T100A>
   <T100>
    <T100>
     <SPRSL>E</SPRSL>
     <ARBGB>ZBRD001</ARBGB>
     <MSGNR>001</MSGNR>
     <TEXT>&amp;</TEXT>
    </T100>
    <T100>
     <SPRSL>E</SPRSL>
     <ARBGB>ZBRD001</ARBGB>
     <MSGNR>002</MSGNR>
     <TEXT>No Row Selected</TEXT>
    </T100>
    <T100>
     <SPRSL>E</SPRSL>
     <ARBGB>ZBRD001</ARBGB>
     <MSGNR>003</MSGNR>
     <TEXT>Input value &amp;</TEXT>
    </T100>
    <T100>
     <SPRSL>E</SPRSL>
     <ARBGB>ZBRD001</ARBGB>
     <MSGNR>004</MSGNR>
     <TEXT>No File Selected</TEXT>
    </T100>
   </T100>
  </asx:values>
 </asx:abap>
</abapGit>
