﻿<?xml version="1.0" encoding="utf-8"?>
<abapGit version="v1.0.0" serializer="LCL_OBJECT_CLAS" serializer_version="v1.0.0">
 <asx:abap xmlns:asx="http://www.sap.com/abapxml" version="1.0">
  <asx:values>
   <VSEOCLASS>
    <CLSNAME>ZCL_BRD_UTIL</CLSNAME>
    <LANGU>E</LANGU>
    <DESCRIPT>BRD Utility</DESCRIPT>
    <STATE>1</STATE>
    <CLSCCINCL>X</CLSCCINCL>
    <FIXPT>X</FIXPT>
    <UNICODE>X</UNICODE>
   </VSEOCLASS>
   <DESCRIPTIONS_SUB>
    <SEOSUBCOTX>
     <CMPNAME>GET_DOMAIN_VALUE</CMPNAME>
     <SCONAME>IV_DDLAGUAGE</SCONAME>
     <LANGU>E</LANGU>
     <DESCRIPT>Language Key</DESCRIPT>
    </SEOSUBCOTX>
    <SEOSUBCOTX>
     <CMPNAME>GET_DOMAIN_VALUE</CMPNAME>
     <SCONAME>IV_DOMNAME</SCONAME>
     <LANGU>E</LANGU>
     <DESCRIPT>Domain name</DESCRIPT>
    </SEOSUBCOTX>
    <SEOSUBCOTX>
     <CMPNAME>GET_DOMAIN_VALUE</CMPNAME>
     <SCONAME>IV_DOMVALUE_L</SCONAME>
     <LANGU>E</LANGU>
     <DESCRIPT>Values for Domains: Single Value / Upper Limit</DESCRIPT>
    </SEOSUBCOTX>
    <SEOSUBCOTX>
     <CMPNAME>GET_DOMAIN_VALUE</CMPNAME>
     <SCONAME>RV_VALUE</SCONAME>
     <LANGU>E</LANGU>
     <DESCRIPT>Short Text for Fixed Values</DESCRIPT>
    </SEOSUBCOTX>
   </DESCRIPTIONS_SUB>
  </asx:values>
 </asx:abap>
</abapGit>
