﻿<?xml version="1.0" encoding="utf-8"?>
<abapGit version="v1.0.0" serializer="LCL_OBJECT_CLAS" serializer_version="v1.0.0">
 <asx:abap xmlns:asx="http://www.sap.com/abapxml" version="1.0">
  <asx:values>
   <VSEOCLASS>
    <CLSNAME>ZCL_BRD_FILE</CLSNAME>
    <LANGU>E</LANGU>
    <DESCRIPT>File Management</DESCRIPT>
    <STATE>1</STATE>
    <CLSCCINCL>X</CLSCCINCL>
    <FIXPT>X</FIXPT>
    <UNICODE>X</UNICODE>
   </VSEOCLASS>
   <DESCRIPTIONS_SUB>
    <SEOSUBCOTX>
     <CMPNAME>ADD_FILE_OPEN_DIALOG</CMPNAME>
     <SCONAME>CS_FILE</SCONAME>
     <LANGU>E</LANGU>
     <DESCRIPT>File</DESCRIPT>
    </SEOSUBCOTX>
    <SEOSUBCOTX>
     <CMPNAME>SPLIT_PATH</CMPNAME>
     <SCONAME>CS_FILE_STRUC</SCONAME>
     <LANGU>E</LANGU>
     <DESCRIPT>File</DESCRIPT>
    </SEOSUBCOTX>
   </DESCRIPTIONS_SUB>
  </asx:values>
 </asx:abap>
</abapGit>
