﻿<?xml version="1.0" encoding="utf-8"?>
<abapGit version="v1.0.0" serializer="LCL_OBJECT_CLAS" serializer_version="v1.0.0">
 <asx:abap xmlns:asx="http://www.sap.com/abapxml" version="1.0">
  <asx:values>
   <VSEOCLASS>
    <CLSNAME>ZCL_BRD_ALV_N</CLSNAME>
    <LANGU>E</LANGU>
    <DESCRIPT>BALV New</DESCRIPT>
    <STATE>1</STATE>
    <CLSCCINCL>X</CLSCCINCL>
    <FIXPT>X</FIXPT>
    <UNICODE>X</UNICODE>
   </VSEOCLASS>
   <TPOOL>
    <item>
     <ID>I</ID>
     <KEY>I01</KEY>
     <ENTRY> &amp;1 Row(s) Created /</ENTRY>
     <LENGTH>27</LENGTH>
    </item>
    <item>
     <ID>I</ID>
     <KEY>I02</KEY>
     <ENTRY> &amp;1 Row(s) Changed /</ENTRY>
     <LENGTH>27</LENGTH>
    </item>
    <item>
     <ID>I</ID>
     <KEY>I03</KEY>
     <ENTRY> &amp;1 Row(s) Deleted /</ENTRY>
     <LENGTH>27</LENGTH>
    </item>
    <item>
     <ID>I</ID>
     <KEY>M01</KEY>
     <ENTRY>No Row Selected</ENTRY>
     <LENGTH>25</LENGTH>
    </item>
    <item>
     <ID>I</ID>
     <KEY>M02</KEY>
     <ENTRY>No change data found</ENTRY>
     <LENGTH>40</LENGTH>
    </item>
    <item>
     <ID>I</ID>
     <KEY>M03</KEY>
     <ENTRY>Error on new data saving</ENTRY>
     <LENGTH>48</LENGTH>
    </item>
    <item>
     <ID>I</ID>
     <KEY>M04</KEY>
     <ENTRY>Saved</ENTRY>
     <LENGTH>15</LENGTH>
    </item>
    <item>
     <ID>I</ID>
     <KEY>M05</KEY>
     <ENTRY>Input mandatory fields value</ENTRY>
     <LENGTH>56</LENGTH>
    </item>
   </TPOOL>
   <DESCRIPTIONS>
    <SEOCOMPOTX>
     <CMPNAME>MO_CL_MENU_XLS</CMPNAME>
     <LANGU>E</LANGU>
     <DESCRIPT>Context Menu</DESCRIPT>
    </SEOCOMPOTX>
    <SEOCOMPOTX>
     <CMPNAME>MV_ON_CHAINGING_FLAG</CMPNAME>
     <LANGU>E</LANGU>
     <DESCRIPT>General Flag</DESCRIPT>
    </SEOCOMPOTX>
   </DESCRIPTIONS>
   <DESCRIPTIONS_SUB>
    <SEOSUBCOTX>
     <CMPNAME>EXCEL_DOWNLOAD</CMPNAME>
     <SCONAME>IT_HEADER</SCONAME>
     <LANGU>E</LANGU>
     <DESCRIPT>Key Text Pair</DESCRIPT>
    </SEOSUBCOTX>
    <SEOSUBCOTX>
     <CMPNAME>GET_ALV_ITAB</CMPNAME>
     <SCONAME>ET_HEADER_LABEL</SCONAME>
     <LANGU>E</LANGU>
     <DESCRIPT>Table of Strings</DESCRIPT>
    </SEOSUBCOTX>
    <SEOSUBCOTX>
     <CMPNAME>GET_ALV_ITAB</CMPNAME>
     <SCONAME>IV_ALV_KEY</SCONAME>
     <LANGU>E</LANGU>
     <DESCRIPT>Character Field Length = 10</DESCRIPT>
    </SEOSUBCOTX>
    <SEOSUBCOTX>
     <CMPNAME>GET_ALV_ITAB</CMPNAME>
     <SCONAME>IV_FCAT_KEY</SCONAME>
     <LANGU>E</LANGU>
     <DESCRIPT>Character Field Length = 10</DESCRIPT>
    </SEOSUBCOTX>
    <SEOSUBCOTX>
     <CMPNAME>GET_ALV_ITAB</CMPNAME>
     <SCONAME>IV_PROGID</SCONAME>
     <LANGU>E</LANGU>
     <DESCRIPT>ABAP System Field: Calling Program</DESCRIPT>
    </SEOSUBCOTX>
    <SEOSUBCOTX>
     <CMPNAME>IS_CHANGING</CMPNAME>
     <SCONAME>RV_FLAG</SCONAME>
     <LANGU>E</LANGU>
     <DESCRIPT>General Flag</DESCRIPT>
    </SEOSUBCOTX>
    <SEOSUBCOTX>
     <CMPNAME>MESSAGE</CMPNAME>
     <SCONAME>IV_CODE</SCONAME>
     <LANGU>E</LANGU>
     <DESCRIPT>Character Field Length = 10</DESCRIPT>
    </SEOSUBCOTX>
    <SEOSUBCOTX>
     <CMPNAME>MESSAGE</CMPNAME>
     <SCONAME>IV_PARAM1</SCONAME>
     <LANGU>E</LANGU>
     <DESCRIPT>Char 20</DESCRIPT>
    </SEOSUBCOTX>
    <SEOSUBCOTX>
     <CMPNAME>MESSAGE</CMPNAME>
     <SCONAME>IV_PARAM2</SCONAME>
     <LANGU>E</LANGU>
     <DESCRIPT>Char 20</DESCRIPT>
    </SEOSUBCOTX>
    <SEOSUBCOTX>
     <CMPNAME>MESSAGE</CMPNAME>
     <SCONAME>IV_PARAM3</SCONAME>
     <LANGU>E</LANGU>
     <DESCRIPT>Char 20</DESCRIPT>
    </SEOSUBCOTX>
    <SEOSUBCOTX>
     <CMPNAME>MESSAGE</CMPNAME>
     <SCONAME>IV_PARAM4</SCONAME>
     <LANGU>E</LANGU>
     <DESCRIPT>Char 20</DESCRIPT>
    </SEOSUBCOTX>
    <SEOSUBCOTX>
     <CMPNAME>MESSAGE_STRIP</CMPNAME>
     <SCONAME>IV_CODE</SCONAME>
     <LANGU>E</LANGU>
     <DESCRIPT>Character Field Length = 10</DESCRIPT>
    </SEOSUBCOTX>
    <SEOSUBCOTX>
     <CMPNAME>MESSAGE_STRIP</CMPNAME>
     <SCONAME>IV_DISPLAY</SCONAME>
     <LANGU>E</LANGU>
     <DESCRIPT>Single-Character Flag</DESCRIPT>
    </SEOSUBCOTX>
    <SEOSUBCOTX>
     <CMPNAME>MESSAGE_STRIP</CMPNAME>
     <SCONAME>IV_PARAM1</SCONAME>
     <LANGU>E</LANGU>
     <DESCRIPT>Char 20</DESCRIPT>
    </SEOSUBCOTX>
    <SEOSUBCOTX>
     <CMPNAME>MESSAGE_STRIP</CMPNAME>
     <SCONAME>IV_PARAM2</SCONAME>
     <LANGU>E</LANGU>
     <DESCRIPT>Char 20</DESCRIPT>
    </SEOSUBCOTX>
    <SEOSUBCOTX>
     <CMPNAME>MESSAGE_STRIP</CMPNAME>
     <SCONAME>IV_PARAM3</SCONAME>
     <LANGU>E</LANGU>
     <DESCRIPT>Char 20</DESCRIPT>
    </SEOSUBCOTX>
    <SEOSUBCOTX>
     <CMPNAME>MESSAGE_STRIP</CMPNAME>
     <SCONAME>IV_PARAM4</SCONAME>
     <LANGU>E</LANGU>
     <DESCRIPT>Char 20</DESCRIPT>
    </SEOSUBCOTX>
    <SEOSUBCOTX>
     <CMPNAME>MESSAGE_STRIP</CMPNAME>
     <SCONAME>IV_TYPE</SCONAME>
     <LANGU>E</LANGU>
     <DESCRIPT>&apos;S&apos;</DESCRIPT>
    </SEOSUBCOTX>
    <SEOSUBCOTX>
     <CMPNAME>MOVE_ITAB_TO_EXCEL</CMPNAME>
     <SCONAME>IT_HEADER</SCONAME>
     <LANGU>E</LANGU>
     <DESCRIPT>Key Text Pair</DESCRIPT>
    </SEOSUBCOTX>
    <SEOSUBCOTX>
     <CMPNAME>REFRESH</CMPNAME>
     <SCONAME>IV_HARD_REFRESH</SCONAME>
     <LANGU>E</LANGU>
     <DESCRIPT>General Flag</DESCRIPT>
    </SEOSUBCOTX>
    <SEOSUBCOTX>
     <CMPNAME>SET_CELLTAB_STYLE</CMPNAME>
     <SCONAME>CT_CELLTAB</SCONAME>
     <LANGU>E</LANGU>
     <DESCRIPT>ALV Control: Style Table for Cells</DESCRIPT>
    </SEOSUBCOTX>
    <SEOSUBCOTX>
     <CMPNAME>SET_CELLTAB_STYLE</CMPNAME>
     <SCONAME>IV_MODE</SCONAME>
     <LANGU>E</LANGU>
     <DESCRIPT>Data Type 4 Characters</DESCRIPT>
    </SEOSUBCOTX>
    <SEOSUBCOTX>
     <CMPNAME>SET_CHANGING_FLAG</CMPNAME>
     <SCONAME>IV_FLAG</SCONAME>
     <LANGU>E</LANGU>
     <DESCRIPT>General Flag</DESCRIPT>
    </SEOSUBCOTX>
   </DESCRIPTIONS_SUB>
  </asx:values>
 </asx:abap>
</abapGit>
